[{"model": "eav.category", "pk": 1, "fields": {"title": {"title_ru": "﷿﷿﷿﷿﷿﷿﷿﷿﷿", "title_uz": "Transport"}, "slug": "transports", "parent": null, "created_at": "2021-07-23T12:20:59.967", "lft": 1, "rght": 10, "tree_id": 3, "mptt_level": 0}}, {"model": "eav.category", "pk": 2, "fields": {"title": {"title_ru": "﷿﷿﷿﷿﷿﷿﷿﷿﷿﷿﷿﷿", "title_uz": "Turar joylar"}, "slug": "properties", "parent": null, "created_at": "2021-07-23T12:21:42.727", "lft": 1, "rght": 6, "tree_id": 2, "mptt_level": 0}}, {"model": "eav.category", "pk": 3, "fields": {"title": {"title_ru": "﷿﷿﷿﷿﷿﷿﷿﷿﷿﷿﷿", "title_uz": "Elektronika"}, "slug": "electronics", "parent": null, "created_at": "2021-07-23T12:22:24.376", "lft": 1, "rght": 2, "tree_id": 1, "mptt_level": 0}}, {"model": "eav.category", "pk": 4, "fields": {"title": {"title_ru": "﷿﷿﷿﷿﷿﷿﷿﷿﷿﷿", "title_uz": "Avtomobillar"}, "slug": "automobiles", "parent": 1, "created_at": "2021-07-23T12:23:25.523", "lft": 4, "rght": 9, "tree_id": 3, "mptt_level": 1}}, {"model": "eav.category", "pk": 5, "fields": {"title": {"title_ru": "﷿﷿﷿﷿﷿﷿﷿﷿﷿ ﷿ ﷿﷿﷿﷿﷿﷿﷿﷿﷿﷿﷿", "title_uz": "Yuk mashinalari va maxsus texnika"}, "slug": "trucks_and_special_equipment", "parent": 1, "created_at": "2021-07-23T13:27:14.725", "lft": 2, "rght": 3, "tree_id": 3, "mptt_level": 1}}, {"model": "eav.category", "pk": 6, "fields": {"title": {"title_ru": "﷿﷿﷿﷿﷿﷿﷿﷿", "title_uz": "Kvartiralar"}, "slug": "apartments", "parent": 2, "created_at": "2021-07-23T13:31:10.510", "lft": 4, "rght": 5, "tree_id": 2, "mptt_level": 1}}, {"model": "eav.category", "pk": 7, "fields": {"title": {"title_ru": "﷿﷿﷿﷿, ﷿﷿﷿﷿, ﷿﷿﷿﷿﷿﷿﷿﷿", "title_uz": "Uylar, dachalar, dachalar"}, "slug": "houses_and_summer_cottages", "parent": 2, "created_at": "2021-07-23T13:33:19.095", "lft": 2, "rght": 3, "tree_id": 2, "mptt_level": 1}}, {"model": "eav.category", "pk": 8, "fields": {"title": {"title_ru": "﷿ ﷿﷿﷿﷿﷿﷿﷿﷿", "title_uz": "Ishlatilgan"}, "slug": "old_automobiles", "parent": 4, "created_at": "2021-07-23T13:35:11.944", "lft": 7, "rght": 8, "tree_id": 3, "mptt_level": 2}}, {"model": "eav.category", "pk": 9, "fields": {"title": {"title_ru": "﷿﷿﷿﷿﷿", "title_uz": "Yangi"}, "slug": "new_automobiles", "parent": 4, "created_at": "2021-07-23T13:35:36.632", "lft": 5, "rght": 6, "tree_id": 3, "mptt_level": 2}}, {"model": "eav.inputtype", "pk": 1, "fields": {"title": "hidden", "slug": "hidden", "created_at": "2021-07-23T14:02:36.870"}}, {"model": "eav.inputtype", "pk": 2, "fields": {"title": "text", "slug": "text", "created_at": "2021-07-23T14:03:20.236"}}, {"model": "eav.inputtype", "pk": 3, "fields": {"title": "select", "slug": "select", "created_at": "2021-07-23T14:15:17.652"}}, {"model": "eav.inputtype", "pk": 4, "fields": {"title": "radio", "slug": "radio", "created_at": "2021-07-31T11:33:24.131"}}, {"model": "eav.entity", "pk": 1, "fields": {"title": {"title_ru": "﷿﷿﷿﷿﷿﷿﷿ ﷿﷿﷿", "title_uz": "Tashqi ko'rinishi"}, "slug": "apperiance", "sorting": 1, "config": {"show_label": true}, "created_at": "2021-07-23T13:38:42.034"}}, {"model": "eav.entity", "pk": 2, "fields": {"title": {"title_ru": "﷿﷿﷿﷿﷿﷿﷿﷿﷿﷿﷿﷿﷿﷿﷿ ﷿﷿﷿﷿﷿﷿", "title_uz": "Ro'yxatdan o'tish ma'lumotlari"}, "slug": "registration_data", "sorting": 2, "config": {"show_label": true}, "created_at": "2021-07-23T13:39:52.805"}}, {"model": "eav.entity", "pk": 3, "fields": {"title": {"title_ru": "﷿﷿﷿﷿﷿﷿﷿﷿﷿﷿﷿ ﷿﷿﷿﷿﷿﷿﷿﷿﷿﷿﷿﷿﷿﷿", "title_uz": "Texnik xususiyatlar"}, "slug": "technic_characteristics", "sorting": 3, "config": {"show_label": true}, "created_at": "2021-07-23T13:40:49.421"}}, {"model": "eav.entity", "pk": 4, "fields": {"title": {"title_ru": "﷿﷿﷿﷿﷿﷿﷿ ﷿﷿﷿﷿﷿﷿﷿﷿﷿﷿﷿﷿ ﷿ ﷿﷿﷿﷿﷿﷿﷿﷿﷿", "title_uz": "Operatsion tarixi va holati"}, "slug": "history_and_status", "sorting": 4, "config": {"show_label": true}, "created_at": "2021-07-23T13:43:03.275"}}, {"model": "eav.attribute", "pk": 1, "fields": {"input_type": 4, "slug": "car_color", "properties": {"help": {"help_ru": "﷿﷿﷿﷿﷿﷿﷿﷿ ﷿﷿﷿﷿ ﷿﷿ ﷿﷿﷿﷿﷿﷿", "help_uz": "Ranglar birini tanlang"}, "unit": {"unit_ru": "", "unit_uz": ""}, "label": {"label_ru": "﷿﷿﷿﷿", "label_uz": "Rang"}, "dataType": "integer", "multiple": true, "validation": {"max": 0, "min": 0, "rule": "required", "message": {"message_ru": "﷿﷿﷿ ﷿﷿﷿﷿﷿ ﷿﷿﷿﷿﷿﷿﷿ ﷿﷿﷿﷿ ﷿﷿ ﷿﷿﷿﷿﷿﷿, ﷿﷿﷿﷿﷿﷿﷿﷿﷿﷿, ﷿﷿﷿﷿﷿﷿﷿﷿ ﷿﷿﷿﷿ ﷿﷿ ﷿﷿﷿!", "message_uz": "Ranglardan birini tanlashingiz kerak, iltomos ularda birini tanlang!"}}}, "parent": null, "created_at": "2021-07-23T14:02:44.373"}}, {"model": "eav.attribute", "pk": 2, "fields": {"input_type": 2, "slug": "car_video", "properties": {"help": {"help_ru": "﷿﷿﷿﷿﷿﷿﷿﷿: https://www.youtube.com/watch?v=qPeVoi6OmRc", "help_uz": "Misalan: https://www.youtube.com/watch?v=qPeVoi6OmRc"}, "unit": {"unit_ru": "", "unit_uz": ""}, "label": {"label_ru": "﷿﷿﷿﷿﷿ c YouTube", "label_uz": "YouTube dan video"}, "dataType": "string", "multiple": false, "validation": {"max": 0, "min": 0, "rule": "required", "message": {"message_ru": "﷿﷿﷿﷿﷿﷿﷿﷿﷿﷿, ﷿﷿﷿﷿﷿﷿﷿﷿﷿ ﷿﷿﷿﷿﷿ ﷿ YouTube!", "message_uz": "Iltimos YouTube dan video ssiklkasini joylang!"}}}, "parent": null, "created_at": "2021-07-23T14:06:36.773"}}, {"model": "eav.attribute", "pk": 3, "fields": {"input_type": 2, "slug": "car_reg_number", "properties": {"help": {"help_ru": "﷿﷿﷿﷿﷿﷿﷿﷿﷿﷿ ﷿﷿ ﷿﷿﷿﷿﷿﷿ ﷿﷿﷿ VIN ﷿ ﷿﷿﷿﷿﷿﷿﷿﷿", "help_uz": "﷿﷿﷿﷿﷿﷿﷿﷿﷿﷿ ﷿﷿ ﷿﷿﷿﷿﷿﷿ ﷿﷿﷿ VIN ﷿ ﷿﷿﷿﷿﷿﷿﷿﷿"}, "unit": {"unit_ru": "", "unit_uz": ""}, "label": {"label_ru": "VIN ﷿﷿﷿ ﷿﷿﷿﷿﷿ ﷿﷿﷿﷿﷿﷿", "label_uz": "VIN yoki kuzov raqami"}, "dataType": "string", "multiple": false, "validation": {"max": 0, "min": 0, "rule": "optional", "message": {"message_ru": "﷿﷿﷿﷿﷿﷿﷿﷿﷿﷿, ﷿﷿﷿﷿﷿﷿﷿﷿﷿ ﷿﷿﷿﷿﷿ ﷿ YouTube!", "message_uz": "Iltimos YouTube dan video ssiklkasini joylang!"}}}, "parent": null, "created_at": "2021-07-23T14:14:16.850"}}, {"model": "eav.attribute", "pk": 4, "fields": {"input_type": 3, "slug": "car_brand", "properties": {"help": {"help_ru": "", "help_uz": ""}, "unit": {"unit_ru": "", "unit_uz": ""}, "label": {"label_ru": "﷿﷿﷿﷿﷿", "label_uz": "Marka"}, "dataType": "integer", "multiple": false, "validation": {"max": 0, "min": 0, "rule": "required", "message": {"message_ru": "﷿﷿﷿﷿﷿﷿﷿﷿﷿﷿, ﷿﷿﷿﷿﷿﷿﷿﷿ ﷿﷿﷿﷿﷿!", "message_uz": "Iltimos, marka tanlang!"}}}, "parent": null, "created_at": "2021-07-23T14:17:19.386"}}, {"model": "eav.attribute", "pk": 6, "fields": {"input_type": 1, "slug": "car_color_2", "properties": {"help": {"help_ru": "﷿﷿﷿﷿﷿﷿﷿﷿ ﷿﷿﷿﷿ ﷿﷿ ﷿﷿﷿﷿﷿﷿", "help_uz": "Ranglar birini tanlang"}, "unit": {"unit_ru": "", "unit_uz": ""}, "label": {"label_ru": "﷿﷿﷿﷿", "label_uz": "Rang"}, "dataType": "integer", "multiple": true, "validation": {"max": 0, "min": 0, "rule": "required", "message": {"message_ru": "﷿﷿﷿ ﷿﷿﷿﷿﷿ ﷿﷿﷿﷿﷿﷿﷿ ﷿﷿﷿﷿ ﷿﷿ ﷿﷿﷿﷿﷿﷿, ﷿﷿﷿﷿﷿﷿﷿﷿﷿﷿, ﷿﷿﷿﷿﷿﷿﷿﷿ ﷿﷿﷿﷿ ﷿﷿ ﷿﷿﷿!", "message_uz": "Ranglardan birini tanlashingiz kerak, iltomos ularda birini tanlang!"}}}, "parent": null, "created_at": "2021-07-23T14:02:44.373"}}, {"model": "eav.attribute", "pk": 7, "fields": {"input_type": 3, "slug": "car_model", "properties": {"help": {"help_ru": "", "help_uz": ""}, "unit": {"unit_ru": "", "unit_uz": ""}, "label": {"label_ru": "﷿﷿﷿﷿﷿﷿", "label_uz": "Model"}, "dataType": "integer", "multiple": false, "validation": {"max": 0, "min": 0, "rule": "required", "message": {"message_ru": "﷿﷿﷿﷿﷿﷿﷿﷿﷿﷿, ﷿﷿﷿﷿﷿﷿﷿﷿ ﷿﷿﷿﷿﷿﷿!", "message_uz": "Iltimos, model tanlang!"}}}, "parent": 4, "created_at": "2021-07-29T18:11:44.953"}}, {"model": "eav.value", "pk": 1, "fields": {"label": {"label_ru": "﷿﷿﷿﷿﷿", "label_uz": "Oq"}, "slug": "white", "parent": null, "created_at": "2021-07-23T14:26:32.312"}}, {"model": "eav.value", "pk": 2, "fields": {"label": {"label_ru": "﷿﷿﷿﷿﷿﷿", "label_uz": "Qora"}, "slug": "black", "parent": null, "created_at": "2021-07-23T14:26:58.895"}}, {"model": "eav.value", "pk": 3, "fields": {"label": {"label_ru": "Audi", "label_uz": "Audi"}, "slug": "audi", "parent": null, "created_at": "2021-07-23T14:27:27.789"}}, {"model": "eav.value", "pk": 4, "fields": {"label": {"label_ru": "Chevrolet", "label_uz": "Chevrolet"}, "slug": "chevrolet", "parent": null, "created_at": "2021-07-23T14:27:44.026"}}, {"model": "eav.value", "pk": 5, "fields": {"label": {"label_ru": "BMW", "label_uz": "BMW"}, "slug": "bmw", "parent": null, "created_at": "2021-07-23T14:27:58.947"}}, {"model": "eav.value", "pk": 6, "fields": {"label": {"label_ru": "1 ﷿﷿﷿﷿﷿", "label_uz": "1 seriya"}, "slug": "1-seria", "parent": 5, "created_at": "2021-07-29T19:43:02.982"}}, {"model": "eav.value", "pk": 7, "fields": {"label": {"label_ru": "2 ﷿﷿﷿﷿﷿", "label_uz": "2 seriya"}, "slug": "2-seria", "parent": 5, "created_at": "2021-07-29T19:43:10.223"}}, {"model": "eav.value", "pk": 8, "fields": {"label": {"label_ru": "﷿1", "label_uz": "A1"}, "slug": "a-1", "parent": 3, "created_at": "2021-07-29T19:45:46.389"}}, {"model": "eav.value", "pk": 9, "fields": {"label": {"label_ru": "﷿2", "label_uz": "A2"}, "slug": "a-2", "parent": 3, "created_at": "2021-07-29T19:45:52.678"}}, {"model": "eav.categoryentity", "pk": 1, "fields": {"category": 9, "entity": 1, "sorting": 1, "created_at": "2021-07-23T13:44:06.585"}}, {"model": "eav.categoryentity", "pk": 2, "fields": {"category": 9, "entity": 2, "sorting": 2, "created_at": "2021-07-23T13:44:34.219"}}, {"model": "eav.categoryentity", "pk": 3, "fields": {"category": 9, "entity": 3, "sorting": 3, "created_at": "2021-07-23T13:44:39.390"}}, {"model": "eav.categoryentity", "pk": 4, "fields": {"category": 9, "entity": 4, "sorting": 4, "created_at": "2021-07-23T13:45:09.430"}}, {"model": "eav.entityattribute", "pk": 1, "fields": {"entity": 1, "attribute": 1, "sorting": 1, "created_at": "2021-07-23T14:19:45.151"}}, {"model": "eav.entityattribute", "pk": 2, "fields": {"entity": 1, "attribute": 2, "sorting": 2, "created_at": "2021-07-23T14:23:15.235"}}, {"model": "eav.entityattribute", "pk": 3, "fields": {"entity": 2, "attribute": 3, "sorting": 1, "created_at": "2021-07-23T14:23:53.333"}}, {"model": "eav.entityattribute", "pk": 4, "fields": {"entity": 3, "attribute": 4, "sorting": 1, "created_at": "2021-07-23T14:24:10.027"}}, {"model": "eav.entityattribute", "pk": 5, "fields": {"entity": 1, "attribute": 6, "sorting": 2, "created_at": "2021-07-23T14:19:45.151"}}, {"model": "eav.entityattribute", "pk": 6, "fields": {"entity": 3, "attribute": 7, "sorting": 2, "created_at": "2021-07-29T19:50:14.527"}}, {"model": "eav.attributevalue", "pk": 1, "fields": {"attribute": 1, "value": 1, "sorting": 1, "created_at": "2021-07-23T14:29:11.759"}}, {"model": "eav.attributevalue", "pk": 2, "fields": {"attribute": 1, "value": 2, "sorting": 2, "created_at": "2021-07-23T14:29:23.052"}}, {"model": "eav.attributevalue", "pk": 3, "fields": {"attribute": 4, "value": 3, "sorting": 1, "created_at": "2021-07-23T14:29:34.366"}}, {"model": "eav.attributevalue", "pk": 4, "fields": {"attribute": 4, "value": 4, "sorting": 2, "created_at": "2021-07-23T14:29:43.908"}}, {"model": "eav.attributevalue", "pk": 5, "fields": {"attribute": 4, "value": 5, "sorting": 3, "created_at": "2021-07-23T14:29:51.053"}}, {"model": "eav.attributevalue", "pk": 6, "fields": {"attribute": 7, "value": 6, "sorting": 1, "created_at": "2021-07-29T19:53:07.804"}}, {"model": "eav.attributevalue", "pk": 7, "fields": {"attribute": 7, "value": 7, "sorting": 2, "created_at": "2021-07-29T19:53:14.757"}}, {"model": "eav.attributevalue", "pk": 8, "fields": {"attribute": 7, "value": 8, "sorting": 3, "created_at": "2021-07-29T19:53:44.322"}}, {"model": "eav.attributevalue", "pk": 9, "fields": {"attribute": 7, "value": 9, "sorting": 4, "created_at": "2021-07-29T19:53:54.018"}}]